ID;email;userName;password;rol;imagenPerfil;bonos
1;usuario1@example.com;user1;**************;user;https://res.cloudinary.com/dq2daoeex/image/upload/c_thumb,w_200,g_face/v1723660717/Proyecto10/oy1tksyz1ycc1edxcfqb.jpg;[1, 2]
2;usuario2@example.com;user2;**************;user;https://res.cloudinary.com/dq2daoeex/image/upload/c_thumb,w_200,g_face/v1723660717/Proyecto10/oy1tksyz1ycc1edxcfqb.jpg;[3, 4]
3;usuario3@example.com;user3;**************;user;https://res.cloudinary.com/dq2daoeex/image/upload/c_thumb,w_200,g_face/v1723660717/Proyecto10/oy1tksyz1ycc1edxcfqb.jpg;[5, 6]
4;usuario4@example.com;user4;**************;user;https://res.cloudinary.com/dq2daoeex/image/upload/c_thumb,w_200,g_face/v1723660717/Proyecto10/oy1tksyz1ycc1edxcfqb.jpg;[7, 8]
5;usuario5@example.com;user5;**************;user;https://res.cloudinary.com/dq2daoeex/image/upload/c_thumb,w_200,g_face/v1723660717/Proyecto10/oy1tksyz1ycc1edxcfqb.jpg;[9, 10]
6;usuario6@example.com;user6;**************;user;https://res.cloudinary.com/dq2daoeex/image/upload/c_thumb,w_200,g_face/v1723660717/Proyecto10/oy1tksyz1ycc1edxcfqb.jpg;[11, 12]
7;usuario7@example.com;user7;**************;user;https://res.cloudinary.com/dq2daoeex/image/upload/c_thumb,w_200,g_face/v1723660717/Proyecto10/oy1tksyz1ycc1edxcfqb.jpg;[13, 14]
8;usuario8@example.com;user8;**************;user;https://res.cloudinary.com/dq2daoeex/image/upload/c_thumb,w_200,g_face/v1723660717/Proyecto10/oy1tksyz1ycc1edxcfqb.jpg;[15, 16]
9;usuario9@example.com;user9;**************;user;https://res.cloudinary.com/dq2daoeex/image/upload/c_thumb,w_200,g_face/v1723660717/Proyecto10/oy1tksyz1ycc1edxcfqb.jpg;[17, 18]
10;usuario10@example.com;user10;**************;user;https://res.cloudinary.com/dq2daoeex/image/upload/c_thumb,w_200,g_face/v1723660717/Proyecto10/oy1tksyz1ycc1edxcfqb.jpg;[19, 20]
11;usuario11@example.com;user11;**************;user;https://res.cloudinary.com/dq2daoeex/image/upload/c_thumb,w_200,g_face/v1723660717/Proyecto10/oy1tksyz1ycc1edxcfqb.jpg;[21, 22]
12;usuario12@example.com;user12;**************;user;https://res.cloudinary.com/dq2daoeex/image/upload/c_thumb,w_200,g_face/v1723660717/Proyecto10/oy1tksyz1ycc1edxcfqb.jpg;[23, 24]
13;usuario13@example.com;user13;**************;user;https://res.cloudinary.com/dq2daoeex/image/upload/c_thumb,w_200,g_face/v1723660717/Proyecto10/oy1tksyz1ycc1edxcfqb.jpg;[25, 26]
14;usuario14@example.com;user14;**************;user;https://res.cloudinary.com/dq2daoeex/image/upload/c_thumb,w_200,g_face/v1723660717/Proyecto10/oy1tksyz1ycc1edxcfqb.jpg;[27, 28]
15;usuario15@example.com;user15;**************;user;https://res.cloudinary.com/dq2daoeex/image/upload/c_thumb,w_200,g_face/v1723660717/Proyecto10/oy1tksyz1ycc1edxcfqb.jpg;[29, 30]
16;usuario16@example.com;user16;**************;user;https://res.cloudinary.com/dq2daoeex/image/upload/c_thumb,w_200,g_face/v1723660717/Proyecto10/oy1tksyz1ycc1edxcfqb.jpg;[1, 2]
17;usuario17@example.com;user17;**************;user;https://res.cloudinary.com/dq2daoeex/image/upload/c_thumb,w_200,g_face/v1723660717/Proyecto10/oy1tksyz1ycc1edxcfqb.jpg;[3, 4]
18;usuario18@example.com;user18;**************;user;https://res.cloudinary.com/dq2daoeex/image/upload/c_thumb,w_200,g_face/v1723660717/Proyecto10/oy1tksyz1ycc1edxcfqb.jpg;[5, 6]
19;usuario19@example.com;user19;**************;user;https://res.cloudinary.com/dq2daoeex/image/upload/c_thumb,w_200,g_face/v1723660717/Proyecto10/oy1tksyz1ycc1edxcfqb.jpg;[7, 8]
20;usuario20@example.com;user20;**************;user;https://res.cloudinary.com/dq2daoeex/image/upload/c_thumb,w_200,g_face/v1723660717/Proyecto10/oy1tksyz1ycc1edxcfqb.jpg;[9, 10]
21;usuario21@example.com;user21;**************;user;https://res.cloudinary.com/dq2daoeex/image/upload/c_thumb,w_200,g_face/v1723660717/Proyecto10/oy1tksyz1ycc1edxcfqb.jpg;[11, 12]
22;usuario22@example.com;user22;**************;user;https://res.cloudinary.com/dq2daoeex/image/upload/c_thumb,w_200,g_face/v1723660717/Proyecto10/oy1tksyz1ycc1edxcfqb.jpg;[13, 14]
23;usuario23@example.com;user23;**************;user;https://res.cloudinary.com/dq2daoeex/image/upload/c_thumb,w_200,g_face/v1723660717/Proyecto10/oy1tksyz1ycc1edxcfqb.jpg;[15, 16]
24;usuario24@example.com;user24;**************;user;https://res.cloudinary.com/dq2daoeex/image/upload/c_thumb,w_200,g_face/v1723660717/Proyecto10/oy1tksyz1ycc1edxcfqb.jpg;[17, 18]
25;usuario25@example.com;user25;**************;user;https://res.cloudinary.com/dq2daoeex/image/upload/c_thumb,w_200,g_face/v1723660717/Proyecto10/oy1tksyz1ycc1edxcfqb.jpg;[19, 20]
26;usuario26@example.com;user26;**************;user;https://res.cloudinary.com/dq2daoeex/image/upload/c_thumb,w_200,g_face/v1723660717/Proyecto10/oy1tksyz1ycc1edxcfqb.jpg;[21, 22]
27;usuario27@example.com;user27;**************;user;https://res.cloudinary.com/dq2daoeex/image/upload/c_thumb,w_200,g_face/v1723660717/Proyecto10/oy1tksyz1ycc1edxcfqb.jpg;[23, 24]
28;usuario28@example.com;user28;**************;user;https://res.cloudinary.com/dq2daoeex/image/upload/c_thumb,w_200,g_face/v1723660717/Proyecto10/oy1tksyz1ycc1edxcfqb.jpg;[25, 26]
29;usuario29@example.com;user29;**************;user;https://res.cloudinary.com/dq2daoeex/image/upload/c_thumb,w_200,g_face/v1723660717/Proyecto10/oy1tksyz1ycc1edxcfqb.jpg;[27, 28]
30;usuario30@example.com;user30;**************;user;https://res.cloudinary.com/dq2daoeex/image/upload/c_thumb,w_200,g_face/v1723660717/Proyecto10/oy1tksyz1ycc1edxcfqb.jpg;[29, 30]
